index.html -> /home/index.html
about.html -> /about/about.html
contact.html -> /get in touch/contact.html
comingsoon.html -> /ecosystem-coming soon/comingsoon.html
finance.html -> /finance/finance.html
technology.html -> /technology/technology.html
production.html -> /production/production.html
partnerships.html -> /partnerships/partnerships.html
esg.html -> /esg/esg.html
ollywood.html -> /ollywood/ollywood.html
waitlist.html -> /waitlist/waitlist.html
404.html -> /404/404.html
